SMILES (for acetylated-amidated AA),AA (3-code),AA (1-code),side chain PG,Consensus logP  # (mean of 4),logP (XLOGP3),logP (WLOGP),logP (MLOGP),logP (SILICOS-IT),logP (iLOGP)
CC(=O)NCC(N)=O,Gly,G,none,-1.4025,-1.83,-1.39,-1.35,-1.04,
CC(=O)NC(C)C(N)=O,Ala,A,none,-1.0825,-1.52,-1.0,-0.94,-0.87,
CC(=O)NC(C(N)=O)C(C)C,Val,V,none,-0.3675,-0.61,-0.37,-0.21,-0.28,
CC(=O)NC(CC(C)C)C(N)=O,Leu,L,none,0.0325,-0.13,0.02,0.12,0.12,
CC[C@H](C)[C@H](NC(C)=O)C(N)=O,Ile,I,none,0.057499999999999996,-0.03,0.02,0.12,0.12,
CC(=O)NC(Cc1ccccc1)C(N)=O,Phe,F,none,0.48,-0.04,0.22,0.76,0.98,
CC(=O)NC(Cc1ccc(O)cc1)C(N)=O,Tyr,Y,none,-0.057499999999999996,-0.87,-0.08,0.2,0.52,
CC(=O)NC(Cc1ccc(OC(C)(C)C)cc1)C(N)=O,Tyr,Y,tBu,1.26,0.44,1.4,1.27,1.93,
CC(=O)NC(COC(C)(C)C)C(N)=O,Ser,S,tBu,-0.08499999999999999,0.26,-0.21,-0.39,0.0,
CC(=O)N[C@H](C(N)=O)[C@@H](C)OC(C)(C)C,Thr,T,tBu,0.07,-0.05,0.18,-0.09,0.24,
CC(=O)NC(CSC(c1ccccc1)(c2ccccc2)c3ccccc3)C(N)=O,Cys,C,Trt,3.7874999999999996,3.84,3.59,3.43,4.29,
COc3ccc(C(SCC(NC(C)=O)C(N)=O)(c1ccccc1)c2ccccc2)cc3,Cys,C,Mmt,3.715,3.81,3.6,3.07,4.38,
CC(=O)NC(CSC(C)(C)C)C(N)=O,Cys,C,tBu,0.6425000000000001,1.06,0.51,0.44,0.56,
CSCCC(NC(C)=O)C(N)=O,Met,M,none,-0.24750000000000003,-0.6,-0.27,-0.21,0.09,
CC(=O)NC(CCNC(=N)NS(=O)(=O)c2c(C)c(C)c1OC(C)(C)Cc1c2C)C(N)=O,Arg,R,Pbf,1.1075,0.95,1.59,0.18,1.71,
CC(=O)NC(Cc1cncn1C(c2ccccc2)(c3ccccc3)c4ccccc4)C(N)=O,His,H,Trt,2.8549999999999995,3.38,3.26,2.24,2.54,
CC(=O)NC(Cc1c[nH]c2ccccc12)C(N)=O,Trp,W,none,-2.215,-2.54,-1.03,-4.13,-1.16,
CC(=O)NC(Cc1cn(C(=O)OC(C)(C)C)c2ccccc12)C(N)=O,Trp,W,Boc,0.8825000000000001,1.82,1.96,1.24,-1.49,
CC(=O)N1CCCC1C(N)=O,Pro,P,none,-0.6275000000000001,-1.34,-0.9,-0.6,0.33,
NC(=O)CC(C(=O)N)NC(=O)C,Asn,N,none,-2.0125,-2.41,-2.15,-1.9,-1.59,
CC(=O)NC(CC(=O)NC(c1ccccc1)(c2ccccc2)c3ccccc3)C(N)=O,,,Trt,2.6825,2.66,2.37,2.33,3.37,
CC(=O)NC(CCC(N)=O)C(N)=O,Gln,Q,none,-1.6449999999999998,-2.05,-1.76,-1.55,-1.22,
O=C(NC(c1ccccc1)(c1ccccc1)c1ccccc1)CCC(C(=O)N)NC(=O)C,Gln,Q,Trt,2.755,1.95,2.76,2.53,3.78,
CC(=O)NC(C(=O)N)CC(=O)OC(C)(C)C,Asp,D,tBu,-0.22499999999999998,-0.45,-0.29,-0.19,0.03,
CC(=O)NC(C(=O)N)CC(=O)OCC=C,Asp,D,Allyl,-0.5825,-0.79,-0.9,-0.58,-0.06,
CC(=O)NC(CCC(=O)OC(C)(C)C)C(N)=O,Glu,E,tBu,-0.12749999999999995,-1.16,0.1,0.11,0.44,
C=CCOC(=O)CCC(NC(C)=O)C(N)=O,Glu,E,Allyl,-0.485,-1.5,-0.51,-0.28,0.35,
CC(=O)NC(CCCCNC(=O)OC(C)(C)C)C(N)=O,Lys,K,Boc,0.08000000000000004,-1.18,0.67,0.27,0.56,
C=CCOC(=O)NCCCCC(NC(C)=O)C(N)=O,Lys,K,Aloc,-0.275,-1.52,0.06,-0.1,0.46,
