name,abbrev,smiles
Alanine,A,O=C(N[C@@H](C)C(=O)O)OCC1C2=CC=CC=C2C3=CC=CC=C13
Cysteine,C,O=C(N[C@@H](CSC(C1=CC=CC=C1)(C2=CC=CC=C2)C3=CC=CC=C3)C(=O)O)OCC1C2=CC=CC=C2C3=CC=CC=C13
Aspartic Acid,D,O=C(N[C@@H](CC(OC(C)(C)C)=O)C(=O)O)OCC1C2=CC=CC=C2C3=CC=CC=C13
Glutamic Acid,E,O=C(N[C@@H](CCC(OC(C)(C)C)=O)C(=O)O)OCC1C2=CC=CC=C2C3=CC=CC=C13
Phenylalanine,F,O=C(N[C@@H](CC1=CC=CC=C1)C(=O)O)OCC1C2=CC=CC=C2C3=CC=CC=C13
Glycine,G,O=C(NCC(=O)O)OCC1C2=CC=CC=C2C3=CC=CC=C13
Histidine,H,O=C(N[C@@H](CC1=CN=CN1C(C2=CC=CC=C2)(C3=CC=CC=C3)C4=CC=CC=C4)C(=O)O)OCC1C2=CC=CC=C2C3=CC=CC=C13
Isoleucine,I,O=C(N[C@@H]([C@@H](C)CC)C(=O)O)OCC1C2=CC=CC=C2C3=CC=CC=C13
Lysine,K,O=C(N[C@@H](CCCCNC(OC(C)(C)C)=O)C(=O)O)OCC1C2=CC=CC=C2C3=CC=CC=C13
Leucine,L,O=C(N[C@@H](CC(C)C)C(=O)O)OCC1C2=CC=CC=C2C3=CC=CC=C13
Methionine,M,O=C(N[C@@H](CCSC)C(=O)O)OCC1C2=CC=CC=C2C3=CC=CC=C13
Asparagine,N,O=C(N[C@@H](CC(NC(C1=CC=CC=C1)(C2=CC=CC=C2)C3=CC=CC=C3)=O)C(=O)O)OCC1C2=CC=CC=C2C3=CC=CC=C13
Proline,P,O=C(N1CCC[C@H]1C(=O)O)OCC1C2=CC=CC=C2C3=CC=CC=C13
Glutamine,Q,O=C(N[C@@H](CCC(NC(C1=CC=CC=C1)(C2=CC=CC=C2)C3=CC=CC=C3)=O)C(=O)O)OCC1C2=CC=CC=C2C3=CC=CC=C13
Arginine,R,O=C(N[C@@H](CCCNC(NS(C1=C(C)C(CC(C)(C)O2)=C2C(C)=C1C)(=O)=O)=N)C(=O)O)OCC1C2=CC=CC=C2C3=CC=CC=C13
Serine,S,O=C(N[C@@H](COC(C)(C)C)C(=O)O)OCC1C2=CC=CC=C2C3=CC=CC=C13
Threonine,T,O=C(N[C@@H]([C@H](OC(C)(C)C)C)C(=O)O)OCC1C2=CC=CC=C2C3=CC=CC=C13
Valine,V,O=C(N[C@@H](C(C)C)C(=O)O)OCC1C2=CC=CC=C2C3=CC=CC=C13
Tryptophan,W,O=C(N[C@@H](CC1=CN(C(OC(C)(C)C)=O)C2=C1C=CC=C2)C(=O)O)OCC1C2=CC=CC=C2C3=CC=CC=C13
Tyrosine,Y,O=C(N[C@@H](CC1=CC=C(OC(C)(C)C)C=C1)C(=O)O)OCC1C2=CC=CC=C2C3=CC=CC=C13
